p,d,q,P,D,Q,aic
1,0,6,0,1,1,9614.541041474151
0,1,6,0,1,1,9616.284255176182
2,0,6,0,1,1,9623.026317570115
0,0,6,0,1,1,9623.609232304148
1,0,5,0,1,1,9627.823511453786
0,1,5,0,1,1,9629.176491349961
1,1,5,0,1,1,9633.221710840182
1,0,4,0,1,1,9640.204570915022
0,0,5,0,1,1,9640.529880736707
2,0,4,0,1,1,9641.030926304247
0,1,4,0,1,1,9643.598344703212
1,1,4,0,1,1,9648.63613439085
1,1,3,0,1,1,9649.11840966546
1,0,3,0,1,1,9652.567517414976
3,0,3,0,1,1,9655.088192474708
0,0,4,0,1,1,9656.119984197303
0,1,3,0,1,1,9658.662909421182
2,1,2,0,1,1,9662.784229276207
1,1,2,0,1,1,9663.434893335849
3,1,2,0,1,1,9666.084951860092
1,0,2,0,1,1,9666.703613566982
6,1,2,0,1,1,9667.855686499766
2,0,2,0,1,1,9669.208822022101
0,2,3,0,1,1,9671.264895817272
3,1,5,0,1,1,9674.508334113776
1,1,6,0,1,1,9675.616911175166
2,1,1,0,1,1,9675.638276193007
6,0,2,0,1,1,9676.914916285585
4,1,1,0,1,1,9677.161176325993
0,0,3,0,1,1,9677.272974151234
5,1,1,0,1,1,9677.322920633724
3,1,1,0,1,1,9677.487896316903
6,1,1,0,1,1,9679.248959310675
2,0,5,0,1,1,9679.703789471714
2,0,1,0,1,1,9679.895623437878
3,0,1,0,1,1,9680.87773664314
1,0,1,0,1,1,9681.114273261068
4,0,1,0,1,1,9682.469707158267
0,2,2,0,1,1,9683.548462935241
6,0,1,0,1,1,9685.251313602072
5,0,1,0,1,1,9686.979913261493
0,1,2,0,1,1,9689.989901153636
5,0,6,0,1,1,9690.23344789746
2,1,6,0,1,1,9690.984446896564
6,0,6,0,1,1,9692.24930206379
3,0,6,0,1,1,9692.976177643515
2,0,0,0,1,1,9693.523772955086
3,0,0,0,1,1,9694.646764243942
4,0,0,0,1,1,9694.94600419125
5,0,0,0,1,1,9695.111851473368
3,0,5,0,1,1,9695.352633535458
3,1,6,0,1,1,9695.810721698923
4,0,6,0,1,1,9696.737387131063
6,0,0,0,1,1,9697.042714777996
6,1,6,0,1,1,9697.26798956667
5,1,6,0,1,1,9698.525636465556
1,1,1,0,1,1,9700.849287251285
4,1,6,0,1,1,9701.228829485543
6,2,1,0,1,1,9701.536187378704
0,1,1,0,1,1,9703.29236413126
5,2,1,0,1,1,9704.261180074356
0,0,2,0,1,1,9704.6127428451
4,2,1,0,1,1,9707.474375974823
6,0,5,0,1,1,9707.77637336911
5,0,5,0,1,1,9709.284267743224
4,0,5,0,1,1,9712.497242071719
2,1,5,0,1,1,9712.76347835911
2,0,3,0,1,1,9713.055468287874
6,0,4,0,1,1,9714.026600248115
3,0,4,0,1,1,9717.214700075714
6,1,5,0,1,1,9719.029127616192
3,2,1,0,1,1,9719.089540446319
4,1,5,0,1,1,9720.058875447166
6,1,0,0,1,1,9721.96965494509
4,0,4,0,1,1,9723.465806400907
5,1,5,0,1,1,9723.68829933518
5,1,0,0,1,1,9724.75977505955
4,1,0,0,1,1,9728.034317458474
2,1,4,0,1,1,9728.746349431025
5,0,4,0,1,1,9729.730770254204
2,2,1,0,1,1,9733.811230049278
3,1,0,0,1,1,9739.575498778957
2,1,3,0,1,1,9739.996584828314
1,0,0,0,1,1,9741.324173490533
3,1,4,0,1,1,9742.278930957105
3,1,3,0,1,1,9742.656245360595
4,0,3,0,1,1,9742.732180071955
5,1,4,0,1,1,9742.99148357429
4,2,6,0,1,1,9743.197463942633
4,1,4,0,1,1,9744.188887543467
2,2,6,0,1,1,9744.432255064028
6,1,4,0,1,1,9744.741949776148
3,2,6,0,1,1,9748.051624640433
5,0,3,0,1,1,9749.58179913524
1,2,1,0,1,1,9750.953518182738
4,1,3,0,1,1,9752.305810396649
1,2,6,0,1,1,9752.827486430917
2,1,0,0,1,1,9753.697011225411
4,0,2,0,1,1,9754.147190853135
4,1,2,0,1,1,9754.717890337757
5,0,2,0,1,1,9756.636603483534
3,0,2,0,1,1,9757.039290271303
6,1,3,0,1,1,9760.240820305486
5,1,3,0,1,1,9760.42688354083
0,2,6,0,1,1,9761.441872827188
5,2,5,0,1,1,9768.000817402142
1,1,0,0,1,1,9771.112896801336
6,2,5,0,1,1,9773.158153754712
5,1,2,0,1,1,9775.844997698785
4,2,5,0,1,1,9781.535807765153
2,2,5,0,1,1,9783.69490699531
3,2,5,0,1,1,9784.903502275938
0,0,1,0,1,1,9787.479517330226
0,2,5,0,1,1,9788.794843258729
1,2,5,0,1,1,9790.738665734836
6,2,4,0,1,1,9793.148019847877
4,2,4,0,1,1,9796.83554801489
5,2,4,0,1,1,9800.096022332255
1,2,4,0,1,1,9801.783081254767
2,2,4,0,1,1,9802.442182962333
3,2,4,0,1,1,9803.127924357263
1,2,3,0,1,1,9805.847612899455
0,2,4,0,1,1,9808.012117255523
2,2,3,0,1,1,9812.642907986976
6,2,3,0,1,1,9814.521566268995
3,2,3,0,1,1,9815.029884053592
4,2,3,0,1,1,9816.485422823762
5,2,3,0,1,1,9817.278283018837
2,2,2,0,1,1,9849.414315578142
3,2,2,0,1,1,9850.476659362
4,2,2,0,1,1,9851.216889516265
5,2,2,0,1,1,9851.306709508477
6,2,2,0,1,1,9852.65517495156
6,2,0,0,1,1,9861.335875669656
1,2,2,0,1,1,9876.90519652685
0,0,0,0,1,1,9896.18910548399
5,2,0,0,1,1,9906.714444346784
0,2,1,0,1,1,9911.58117582844
0,1,0,0,1,1,9932.286403357752
4,2,0,0,1,1,9943.46058646986
3,2,0,0,1,1,10002.552065540927
2,2,0,0,1,1,10075.472308769902
1,2,0,0,1,1,10209.991370359017
0,2,0,0,1,1,10629.979060253452
6,0,3,0,1,1,14765.637001782101
